{
  "train_loss": [
    0.854411197492326,
    0.6247997498844724,
    0.545569620521895,
    0.6413524298672657,
    0.4954106262124392,
    0.4588945899232925,
    0.4050586962129965,
    0.3842938719280213,
    0.3378922559053774,
    0.3348904025863366
  ],
  "train_acc": [
    72.14178731902147,
    77.59610584123814,
    80.61657513729406,
    78.5946080878682,
    81.88966550174737,
    83.39990014977533,
    84.9101347978033,
    86.05841238142786,
    87.00698951572642,
    87.29405891163255
  ],
  "val_loss": [
    0.651576085223092,
    0.5056827281202588,
    3.964376445800539,
    0.4699307455429955,
    0.5351235431338114,
    0.4390959744415586,
    0.4425150811199158,
    0.39859375535022645,
    0.4397116298713381,
    0.47564453028497244
  ],
  "val_acc": [
    78.78182725911134,
    82.62606090863704,
    57.91313030454319,
    82.57613579630554,
    81.72740888666999,
    83.7743384922616,
    83.32501248127808,
    86.12081877184224,
    85.4218671992012,
    84.77284073889166
  ],
  "lr": [
    0.001,
    0.001,
    0.001,
    0.001,
    0.001,
    0.001,
    0.001,
    0.001,
    0.001,
    0.001
  ]
}